experiment,distance,rounds,loss_probability,decoder,status,shots,errors,logical_error_rate,ci95_low,ci95_high,median_microseconds_per_shot
loss_sweep,3,3,0.0001,envelope-matching,ok,5000,1,0.0002,3.530578343936526e-05,0.0011320890808397363,1.5882334000000002
loss_sweep,3,3,0.0001,pymatching-fixed,ok,5000,1,0.0002,3.530578343936526e-05,0.0011320890808397363,1.8421498004257275
loss_sweep,3,3,0.0001,pymatching-envelope,ok,5000,1,0.0002,3.530578343936526e-05,0.0011320890808397363,2.101491599824332
loss_sweep,3,3,0.0001,envelope-matching-offline,ok,5000,1,0.0002,3.530578343936526e-05,0.0011320890808397363,1.456825
loss_sweep,3,3,0.0003,envelope-matching,ok,5000,1,0.0002,3.530578343936526e-05,0.0011320890808397363,1.6906252000000002
loss_sweep,3,3,0.0003,pymatching-fixed,ok,5000,2,0.0004,0.00010970128207763504,0.0014573865014234437,1.8371247998110747
loss_sweep,3,3,0.0003,pymatching-envelope,ok,5000,1,0.0002,3.530578343936526e-05,0.0011320890808397363,2.2220916012087835
loss_sweep,3,3,0.0003,envelope-matching-offline,ok,5000,1,0.0002,3.530578343936526e-05,0.0011320890808397363,1.5181918000000003
loss_sweep,3,3,0.001,envelope-matching,ok,5000,5,0.001,0.00042721349110879964,0.002338953050058211,2.0780334
loss_sweep,3,3,0.001,pymatching-fixed,ok,5000,12,0.0024,0.0013734655564128324,0.004190551419308018,1.8682918000744655
loss_sweep,3,3,0.001,pymatching-envelope,ok,5000,5,0.001,0.00042721349110879964,0.002338953050058211,2.6697831999616497
loss_sweep,3,3,0.001,envelope-matching-offline,ok,5000,5,0.001,0.00042721349110879964,0.002338953050058211,1.7155581999999998
loss_sweep,3,3,0.003,envelope-matching,ok,5000,16,0.0032,0.0019707278219023715,0.0051920608307063874,4.199141599999999
loss_sweep,3,3,0.003,pymatching-fixed,ok,5000,31,0.0062,0.0043713883985244135,0.008786794042414002,1.9923334000394477
loss_sweep,3,3,0.003,pymatching-envelope,ok,5000,16,0.0032,0.0019707278219023715,0.0051920608307063874,5.256424999760836
loss_sweep,3,3,0.003,envelope-matching-offline,ok,5000,16,0.0032,0.0019707278219023715,0.0051920608307063874,2.8062747999999997
loss_sweep,3,3,0.01,envelope-matching,ok,5000,121,0.0242,0.02029184139202983,0.028838703778886532,14.560558400000001
loss_sweep,3,3,0.01,pymatching-fixed,ok,5000,245,0.049,0.04335507170094735,0.055337395453494184,2.3723413984798425
loss_sweep,3,3,0.01,pymatching-envelope,ok,5000,120,0.024,0.020109114739861697,0.02862173751183269,16.534341600300834
loss_sweep,3,3,0.01,envelope-matching-offline,ok,5000,121,0.0242,0.02029184139202983,0.028838703778886532,6.980825
loss_sweep,5,5,0.0001,envelope-matching,ok,5000,0,0.0,0.0,0.0007677019450571244,11.6416834
loss_sweep,5,5,0.0001,pymatching-fixed,ok,5000,0,0.0,0.0,0.0007677019450571244,7.375216600272785
loss_sweep,5,5,0.0001,pymatching-envelope,ok,5000,0,0.0,0.0,0.0007677019450571244,11.634041799241366
loss_sweep,5,5,0.0001,envelope-matching-offline,ok,5000,0,0.0,0.0,0.0007677019450571244,8.3346418
loss_sweep,5,5,0.0003,envelope-matching,ok,5000,1,0.0002,3.530578343936526e-05,0.0011320890808397363,17.628808399999997
loss_sweep,5,5,0.0003,pymatching-fixed,ok,5000,1,0.0002,3.530578343936526e-05,0.0011320890808397363,7.52653340055095
loss_sweep,5,5,0.0003,pymatching-envelope,ok,5000,1,0.0002,3.530578343936526e-05,0.0011320890808397363,15.95639139975391
loss_sweep,5,5,0.0003,envelope-matching-offline,ok,5000,1,0.0002,3.530578343936526e-05,0.0011320890808397363,11.010616800000001
loss_sweep,5,5,0.001,envelope-matching,ok,5000,3,0.0006,0.00020407465419434642,0.001762706048528709,53.435166599999995
loss_sweep,5,5,0.001,pymatching-fixed,ok,5000,4,0.0008,0.00031114697610156263,0.0020553266458434704,7.567549799448957
loss_sweep,5,5,0.001,pymatching-envelope,ok,5000,3,0.0006,0.00020407465419434642,0.001762706048528709,40.81361660207359
loss_sweep,5,5,0.001,envelope-matching-offline,ok,5000,3,0.0006,0.00020407465419434642,0.001762706048528709,26.3870002
loss_sweep,5,5,0.003,envelope-matching,ok,5000,6,0.0012,0.0005500831677591556,0.002615776292629832,167.9048416
loss_sweep,5,5,0.003,pymatching-fixed,ok,5000,17,0.0034,0.0021239367958294426,0.0054385447760012945,8.361483399652483
loss_sweep,5,5,0.003,pymatching-envelope,ok,5000,6,0.0012,0.0005500831677591556,0.002615776292629832,120.31954999973156
loss_sweep,5,5,0.003,envelope-matching-offline,ok,5000,6,0.0012,0.0005500831677591556,0.002615776292629832,72.9951416
loss_sweep,5,5,0.01,envelope-matching,ok,5000,39,0.0078,0.005711256209150136,0.010644469585564097,233.692625
loss_sweep,5,5,0.01,pymatching-fixed,ok,5000,260,0.052,0.04618252452365877,0.058505336419112416,11.768941599770635
loss_sweep,5,5,0.01,pymatching-envelope,ok,5000,39,0.0078,0.005711256209150136,0.010644469585564097,192.39442499996238
loss_sweep,5,5,0.01,envelope-matching-offline,ok,5000,39,0.0078,0.005711256209150136,0.010644469585564097,109.1282418
loss_sweep,7,7,0.0001,envelope-matching,ok,5000,0,0.0,0.0,0.0007677019450571244,81.12451680000001
loss_sweep,7,7,0.0001,pymatching-fixed,ok,5000,0,0.0,0.0,0.0007677019450571244,20.043516599883212
loss_sweep,7,7,0.0001,pymatching-envelope,ok,5000,0,0.0,0.0,0.0007677019450571244,58.81734979995829
loss_sweep,7,7,0.0001,envelope-matching-offline,ok,5000,0,0.0,0.0,0.0007677019450571244,41.5056918
loss_sweep,7,7,0.0003,envelope-matching,ok,5000,0,0.0,0.0,0.0007677019450571244,211.3563666
loss_sweep,7,7,0.0003,pymatching-fixed,ok,5000,0,0.0,0.0,0.0007677019450571244,20.39131679999014
loss_sweep,7,7,0.0003,pymatching-envelope,ok,5000,0,0.0,0.0,0.0007677019450571244,115.35555000057578
loss_sweep,7,7,0.0003,envelope-matching-offline,ok,5000,0,0.0,0.0,0.0007677019450571244,79.4997332
loss_sweep,7,7,0.001,envelope-matching,ok,5000,0,0.0,0.0,0.0007677019450571244,534.4923081999999
loss_sweep,7,7,0.001,pymatching-fixed,ok,5000,0,0.0,0.0,0.0007677019450571244,21.61563340055058
loss_sweep,7,7,0.001,pymatching-envelope,ok,5000,0,0.0,0.0,0.0007677019450571244,338.967983599237
loss_sweep,7,7,0.001,envelope-matching-offline,ok,5000,0,0.0,0.0,0.0007677019450571244,224.86537500000003
loss_sweep,7,7,0.003,envelope-matching,ok,5000,0,0.0,0.0,0.0007677019450571244,671.1622334000001
loss_sweep,7,7,0.003,pymatching-fixed,ok,5000,3,0.0006,0.00020407465419434642,0.001762706048528709,24.614758399376086
loss_sweep,7,7,0.003,pymatching-envelope,ok,5000,0,0.0,0.0,0.0007677019450571244,502.8364252004296
loss_sweep,7,7,0.003,envelope-matching-offline,ok,5000,0,0.0,0.0,0.0007677019450571244,314.3231918
loss_sweep,7,7,0.01,envelope-matching,ok,5000,23,0.0046,0.003067252025343836,0.0068933870618187645,739.5604916
loss_sweep,7,7,0.01,pymatching-fixed,ok,5000,296,0.0592,0.05299073527956573,0.06608607075519665,35.992575401307356
loss_sweep,7,7,0.01,pymatching-envelope,ok,5000,23,0.0046,0.003067252025343836,0.0068933870618187645,581.1732833995135
loss_sweep,7,7,0.01,envelope-matching-offline,ok,5000,23,0.0046,0.003067252025343836,0.0068933870618187645,346.42524180000004
accuracy_time,3,2,0.003,envelope-matching,ok,5000,15,0.003,0.0018189297776376753,0.004944165955749107,1.9242583999999998
accuracy_time,3,2,0.003,pymatching-fixed,ok,5000,28,0.0056,0.003877382638215079,0.008081721045057406,1.5000829999786198
accuracy_time,3,2,0.003,pymatching-envelope,ok,5000,15,0.003,0.0018189297776376753,0.004944165955749107,2.7749832008165107
accuracy_time,3,2,0.003,envelope-matching-offline,ok,5000,15,0.003,0.0018189297776376753,0.004944165955749107,1.4723918
accuracy_time,3,2,0.003,envelope-mle,ok,5000,1,0.0002,3.530578343936526e-05,0.0011320890808397363,2077.9043165999997
accuracy_time,3,2,0.003,pymatching-fixed-loop,ok,5000,28,0.0056,0.003877382638215079,0.008081721045057406,4.333341799914391
