distance,rounds,loss_probability,decoder,repetition,microseconds_per_shot,input_loss_patterns,graph_builds,cache_hits,policy
3,3,0.0001,envelope-matching,0,1.5082166,32,32,4968,FIFO/work-budget streaming
3,3,0.0001,envelope-matching,1,1.5154416000000002,32,32,4968,FIFO/work-budget streaming
3,3,0.0001,envelope-matching,2,1.5217,32,32,4968,FIFO/work-budget streaming
3,3,0.0001,pymatching-fixed,0,1.8245583800452232,32,1,,offline batch groups
3,3,0.0001,pymatching-fixed,1,1.8112166011014224,32,1,,offline batch groups
3,3,0.0001,pymatching-fixed,2,1.7968333826735616,32,1,,offline batch groups
3,3,0.0001,pymatching-envelope,0,2.0961833824598433,32,32,,offline batch groups
3,3,0.0001,pymatching-envelope,1,2.1058752051796437,32,32,,offline batch groups
3,3,0.0001,pymatching-envelope,2,2.1907915803551674,32,32,,offline batch groups
3,3,0.0001,envelope-matching-offline,0,1.4288167999999999,32,32,,offline batch groups
3,3,0.0001,envelope-matching-offline,1,1.4491749999999999,32,32,,offline batch groups
3,3,0.0001,envelope-matching-offline,2,1.4499334,32,32,,offline batch groups
3,3,0.0003,envelope-matching,0,1.5800086000000002,40,40,4960,FIFO/work-budget streaming
3,3,0.0003,envelope-matching,1,1.5918168,40,40,4960,FIFO/work-budget streaming
3,3,0.0003,envelope-matching,2,1.8037166,40,40,4960,FIFO/work-budget streaming
3,3,0.0003,pymatching-fixed,0,1.836416386093605,40,1,,offline batch groups
3,3,0.0003,pymatching-fixed,1,1.887733427843678,40,1,,offline batch groups
3,3,0.0003,pymatching-fixed,2,1.8759082354700924,40,1,,offline batch groups
3,3,0.0003,pymatching-envelope,0,2.1941583844580888,40,40,,offline batch groups
3,3,0.0003,pymatching-envelope,1,2.2242415924951437,40,40,,offline batch groups
3,3,0.0003,pymatching-envelope,2,2.207900013051069,40,40,,offline batch groups
3,3,0.0003,envelope-matching-offline,0,1.5133332000000002,40,40,,offline batch groups
3,3,0.0003,envelope-matching-offline,1,1.5141918,40,40,,offline batch groups
3,3,0.0003,envelope-matching-offline,2,1.4940498,40,40,,offline batch groups
3,3,0.001,envelope-matching,0,1.9282502,84,84,4916,FIFO/work-budget streaming
3,3,0.001,envelope-matching,1,1.911825,84,84,4916,FIFO/work-budget streaming
3,3,0.001,envelope-matching,2,1.9742416000000003,84,84,4916,FIFO/work-budget streaming
3,3,0.001,pymatching-fixed,0,1.872208409678304,84,1,,offline batch groups
3,3,0.001,pymatching-fixed,1,1.884525011227393,84,1,,offline batch groups
3,3,0.001,pymatching-fixed,2,1.8639250011786819,84,1,,offline batch groups
3,3,0.001,pymatching-envelope,0,2.636516595495379,84,84,,offline batch groups
3,3,0.001,pymatching-envelope,1,2.696300012213218,84,84,,offline batch groups
3,3,0.001,pymatching-envelope,2,2.7106751796432973,84,84,,offline batch groups
3,3,0.001,envelope-matching-offline,0,1.7159416,84,84,,offline batch groups
3,3,0.001,envelope-matching-offline,1,1.7277668,84,84,,offline batch groups
3,3,0.001,envelope-matching-offline,2,1.7029915999999998,84,84,,offline batch groups
3,3,0.003,envelope-matching,0,3.6177834,349,349,4651,FIFO/work-budget streaming
3,3,0.003,envelope-matching,1,3.705925,349,349,4651,FIFO/work-budget streaming
3,3,0.003,envelope-matching,2,3.648675,349,349,4651,FIFO/work-budget streaming
3,3,0.003,pymatching-fixed,0,1.993974799223018,349,1,,offline batch groups
3,3,0.003,pymatching-fixed,1,1.9544752134137988,349,1,,offline batch groups
3,3,0.003,pymatching-fixed,2,1.9836749807270648,349,1,,offline batch groups
3,3,0.003,pymatching-envelope,0,5.307399795599914,349,349,,offline batch groups
3,3,0.003,pymatching-envelope,1,5.159841425020766,349,349,,offline batch groups
3,3,0.003,pymatching-envelope,2,5.247208595120502,349,349,,offline batch groups
3,3,0.003,envelope-matching-offline,0,2.8075167999999997,349,349,,offline batch groups
3,3,0.003,envelope-matching-offline,1,2.7221916,349,349,,offline batch groups
3,3,0.003,envelope-matching-offline,2,2.7185418,349,349,,offline batch groups
3,3,0.01,envelope-matching,0,11.750975,1493,1627,3373,FIFO/work-budget streaming
3,3,0.01,envelope-matching,1,11.8229334,1493,1627,3373,FIFO/work-budget streaming
3,3,0.01,envelope-matching,2,11.8575418,1493,1627,3373,FIFO/work-budget streaming
3,3,0.01,pymatching-fixed,0,2.4402995949934363,1493,1,,offline batch groups
3,3,0.01,pymatching-fixed,1,2.4861999922869322,1493,1,,offline batch groups
3,3,0.01,pymatching-fixed,2,2.4172917832604406,1493,1,,offline batch groups
3,3,0.01,pymatching-envelope,0,16.226024789469978,1493,1493,,offline batch groups
3,3,0.01,pymatching-envelope,1,16.164149997617937,1493,1493,,offline batch groups
3,3,0.01,pymatching-envelope,2,16.215208388900756,1493,1493,,offline batch groups
3,3,0.01,envelope-matching-offline,0,6.9008666,1493,1493,,offline batch groups
3,3,0.01,envelope-matching-offline,1,6.872358200000001,1493,1493,,offline batch groups
3,3,0.01,envelope-matching-offline,2,6.908975,1493,1493,,offline batch groups
5,5,0.0001,envelope-matching,0,10.1921918,142,142,4858,FIFO/work-budget streaming
5,5,0.0001,envelope-matching,1,10.0028416,142,142,4858,FIFO/work-budget streaming
5,5,0.0001,envelope-matching,2,9.972908400000001,142,142,4858,FIFO/work-budget streaming
5,5,0.0001,pymatching-fixed,0,7.452575212007356,142,1,,offline batch groups
5,5,0.0001,pymatching-fixed,1,7.235091787126434,142,1,,offline batch groups
5,5,0.0001,pymatching-fixed,2,7.1729582039422155,142,1,,offline batch groups
5,5,0.0001,pymatching-envelope,0,11.408883395007253,142,142,,offline batch groups
5,5,0.0001,pymatching-envelope,1,11.590358218747152,142,142,,offline batch groups
5,5,0.0001,pymatching-envelope,2,11.56945858559929,142,142,,offline batch groups
5,5,0.0001,envelope-matching-offline,0,8.373533199999999,142,142,,offline batch groups
5,5,0.0001,envelope-matching-offline,1,8.3040334,142,142,,offline batch groups
5,5,0.0001,envelope-matching-offline,2,8.366075,142,142,,offline batch groups
5,5,0.0003,envelope-matching,0,14.5446998,279,279,4721,FIFO/work-budget streaming
5,5,0.0003,envelope-matching,1,14.6327752,279,279,4721,FIFO/work-budget streaming
5,5,0.0003,envelope-matching,2,14.6044916,279,279,4721,FIFO/work-budget streaming
5,5,0.0003,pymatching-fixed,0,7.337683198538422,279,1,,offline batch groups
5,5,0.0003,pymatching-fixed,1,7.22958339909252,279,1,,offline batch groups
5,5,0.0003,pymatching-fixed,2,7.253141798178853,279,1,,offline batch groups
5,5,0.0003,pymatching-envelope,0,15.96020841799997,279,279,,offline batch groups
5,5,0.0003,pymatching-envelope,1,15.820099980044366,279,279,,offline batch groups
5,5,0.0003,pymatching-envelope,2,15.800483414104582,279,279,,offline batch groups
5,5,0.0003,envelope-matching-offline,0,11.034374799999998,279,279,,offline batch groups
5,5,0.0003,envelope-matching-offline,1,10.9510248,279,279,,offline batch groups
5,5,0.0003,envelope-matching-offline,2,10.9157,279,279,,offline batch groups
5,5,0.001,envelope-matching,0,41.4625666,1082,1108,3892,FIFO/work-budget streaming
5,5,0.001,envelope-matching,1,41.456433399999995,1082,1108,3892,FIFO/work-budget streaming
5,5,0.001,envelope-matching,2,41.534441799999996,1082,1108,3892,FIFO/work-budget streaming
5,5,0.001,pymatching-fixed,0,7.543891616988183,1082,1,,offline batch groups
5,5,0.001,pymatching-fixed,1,7.51652479206599,1082,1,,offline batch groups
5,5,0.001,pymatching-fixed,2,7.534491593798995,1082,1,,offline batch groups
5,5,0.001,pymatching-envelope,0,41.284300187105394,1082,1082,,offline batch groups
5,5,0.001,pymatching-envelope,1,40.755741194538324,1082,1082,,offline batch groups
5,5,0.001,pymatching-envelope,2,41.2553750003421,1082,1082,,offline batch groups
5,5,0.001,envelope-matching-offline,0,26.2364418,1082,1082,,offline batch groups
5,5,0.001,envelope-matching-offline,1,26.3943082,1082,1082,,offline batch groups
5,5,0.001,envelope-matching-offline,2,26.462091599999997,1082,1082,,offline batch groups
5,5,0.003,envelope-matching,0,126.6662582,3550,3845,1155,FIFO/work-budget streaming
5,5,0.003,envelope-matching,1,126.2773752,3550,3845,1155,FIFO/work-budget streaming
5,5,0.003,envelope-matching,2,125.757475,3550,3845,1155,FIFO/work-budget streaming
5,5,0.003,pymatching-fixed,0,8.40615001488179,3550,1,,offline batch groups
5,5,0.003,pymatching-fixed,1,8.356491586257516,3550,1,,offline batch groups
5,5,0.003,pymatching-fixed,2,8.439866792703533,3550,1,,offline batch groups
5,5,0.003,pymatching-envelope,0,119.86705000107203,3550,3550,,offline batch groups
5,5,0.003,pymatching-envelope,1,121.93815840824357,3550,3550,,offline batch groups
5,5,0.003,pymatching-envelope,2,121.73939999605973,3550,3550,,offline batch groups
5,5,0.003,envelope-matching-offline,0,72.7012498,3550,3550,,offline batch groups
5,5,0.003,envelope-matching-offline,1,72.68788339999999,3550,3550,,offline batch groups
5,5,0.003,envelope-matching-offline,2,73.13164160000001,3550,3550,,offline batch groups
5,5,0.01,envelope-matching,0,180.55581659999999,5000,5000,0,FIFO/work-budget streaming
5,5,0.01,envelope-matching,1,180.8195834,5000,5000,0,FIFO/work-budget streaming
5,5,0.01,envelope-matching,2,181.92381659999998,5000,5000,0,FIFO/work-budget streaming
5,5,0.01,pymatching-fixed,0,12.001275214892853,5000,1,,offline batch groups
5,5,0.01,pymatching-fixed,1,11.798249806438792,5000,1,,offline batch groups
5,5,0.01,pymatching-fixed,2,12.1231498080343,5000,1,,offline batch groups
5,5,0.01,pymatching-envelope,0,190.44009978794583,5000,5000,,offline batch groups
5,5,0.01,pymatching-envelope,1,191.28500819279677,5000,5000,,offline batch groups
5,5,0.01,pymatching-envelope,2,189.61887497961396,5000,5000,,offline batch groups
5,5,0.01,envelope-matching-offline,0,109.6064832,5000,5000,,offline batch groups
5,5,0.01,envelope-matching-offline,1,110.5029582,5000,5000,,offline batch groups
5,5,0.01,envelope-matching-offline,2,109.46398340000002,5000,5000,,offline batch groups
7,7,0.0001,envelope-matching,0,64.79747499999999,455,541,4459,FIFO/work-budget streaming
7,7,0.0001,envelope-matching,1,64.2775584,455,541,4459,FIFO/work-budget streaming
7,7,0.0001,envelope-matching,2,64.6810334,455,541,4459,FIFO/work-budget streaming
7,7,0.0001,pymatching-fixed,0,19.96009160576589,455,1,,offline batch groups
7,7,0.0001,pymatching-fixed,1,20.325400004526113,455,1,,offline batch groups
7,7,0.0001,pymatching-fixed,2,20.49088341000401,455,1,,offline batch groups
7,7,0.0001,pymatching-envelope,0,59.037158588557176,455,455,,offline batch groups
7,7,0.0001,pymatching-envelope,1,58.232916608431935,455,455,,offline batch groups
7,7,0.0001,pymatching-envelope,2,58.83252499712642,455,455,,offline batch groups
7,7,0.0001,envelope-matching-offline,0,41.5521668,455,455,,offline batch groups
7,7,0.0001,envelope-matching-offline,1,41.7966416,455,455,,offline batch groups
7,7,0.0001,envelope-matching-offline,2,41.8725834,455,455,,offline batch groups
7,7,0.0003,envelope-matching,0,162.72671659999997,1100,1655,3345,FIFO/work-budget streaming
7,7,0.0003,envelope-matching,1,162.78889180000002,1100,1655,3345,FIFO/work-budget streaming
7,7,0.0003,envelope-matching,2,162.7957832,1100,1655,3345,FIFO/work-budget streaming
7,7,0.0003,pymatching-fixed,0,20.32843319216583,1100,1,,offline batch groups
7,7,0.0003,pymatching-fixed,1,20.33985000013944,1100,1,,offline batch groups
7,7,0.0003,pymatching-fixed,2,20.53724159448657,1100,1,,offline batch groups
7,7,0.0003,pymatching-envelope,0,114.98664178180333,1100,1100,,offline batch groups
7,7,0.0003,pymatching-envelope,1,115.71930841184619,1100,1100,,offline batch groups
7,7,0.0003,pymatching-envelope,2,114.37597499834834,1100,1100,,offline batch groups
7,7,0.0003,envelope-matching-offline,0,78.63081679999999,1100,1100,,offline batch groups
7,7,0.0003,envelope-matching-offline,1,78.1091832,1100,1100,,offline batch groups
7,7,0.0003,envelope-matching-offline,2,78.64971660000002,1100,1100,,offline batch groups
7,7,0.001,envelope-matching,0,406.85151659999997,3671,4286,714,FIFO/work-budget streaming
7,7,0.001,envelope-matching,1,406.46387500000003,3671,4286,714,FIFO/work-budget streaming
7,7,0.001,envelope-matching,2,406.6168834,3671,4286,714,FIFO/work-budget streaming
7,7,0.001,pymatching-fixed,0,21.693166597325472,3671,1,,offline batch groups
7,7,0.001,pymatching-fixed,1,21.370858196111428,3671,1,,offline batch groups
7,7,0.001,pymatching-fixed,2,21.295483183436726,3671,1,,offline batch groups
7,7,0.001,pymatching-envelope,0,334.4212499965597,3671,3671,,offline batch groups
7,7,0.001,pymatching-envelope,1,333.54190839411103,3671,3671,,offline batch groups
7,7,0.001,pymatching-envelope,2,336.8722250218308,3671,3671,,offline batch groups
7,7,0.001,envelope-matching-offline,0,224.97505,3671,3671,,offline batch groups
7,7,0.001,envelope-matching-offline,1,225.39552499999996,3671,3671,,offline batch groups
7,7,0.001,envelope-matching-offline,2,224.90739999999997,3671,3671,,offline batch groups
7,7,0.003,envelope-matching,0,497.15291659999997,4993,5000,0,FIFO/work-budget streaming
7,7,0.003,envelope-matching,1,495.75915,4993,5000,0,FIFO/work-budget streaming
7,7,0.003,envelope-matching,2,496.0333836,4993,5000,0,FIFO/work-budget streaming
7,7,0.003,pymatching-fixed,0,24.27414977729361,4993,1,,offline batch groups
7,7,0.003,pymatching-fixed,1,23.68973340197738,4993,1,,offline batch groups
7,7,0.003,pymatching-fixed,2,24.3589747857381,4993,1,,offline batch groups
7,7,0.003,pymatching-envelope,0,467.4549833955631,4993,4993,,offline batch groups
7,7,0.003,pymatching-envelope,1,468.5939168029151,4993,4993,,offline batch groups
7,7,0.003,pymatching-envelope,2,469.93605002516574,4993,4993,,offline batch groups
7,7,0.003,envelope-matching-offline,0,306.16970000000003,4993,4993,,offline batch groups
7,7,0.003,envelope-matching-offline,1,305.4624836,4993,4993,,offline batch groups
7,7,0.003,envelope-matching-offline,2,305.59713339999996,4993,4993,,offline batch groups
7,7,0.01,envelope-matching,0,570.6747584,5000,5000,0,FIFO/work-budget streaming
7,7,0.01,envelope-matching,1,572.4039333999999,5000,5000,0,FIFO/work-budget streaming
7,7,0.01,envelope-matching,2,571.8116584,5000,5000,0,FIFO/work-budget streaming
7,7,0.01,pymatching-fixed,0,35.25644201639701,5000,1,,offline batch groups
7,7,0.01,pymatching-fixed,1,34.968733191400545,5000,1,,offline batch groups
7,7,0.01,pymatching-fixed,2,35.170766603060066,5000,1,,offline batch groups
7,7,0.01,pymatching-envelope,0,555.4626749848762,5000,5000,,offline batch groups
7,7,0.01,pymatching-envelope,1,549.9898501970466,5000,5000,,offline batch groups
7,7,0.01,pymatching-envelope,2,549.2221502121889,5000,5000,,offline batch groups
7,7,0.01,envelope-matching-offline,0,335.5338668,5000,5000,,offline batch groups
7,7,0.01,envelope-matching-offline,1,333.76175,5000,5000,,offline batch groups
7,7,0.01,envelope-matching-offline,2,335.3697336,5000,5000,,offline batch groups
